<?xml version="1.0" ?>
<config xmlns:xsi="http://www.w3.org/2001/XMLSchema-instance" xsi:noNamespaceSchemaLocation="urn:magento:framework:ObjectManager/etc/config.xsd">
	<preference for="Wallet\Payment\Api\CashbackManagementInterface" type="Wallet\Payment\Model\CashbackManagement"/>
	<virtualType name="Wallet\Payment\Model\ResourceModel\Payment\Grid\Collection" type="Magento\Framework\View\Element\UiComponent\DataProvider\SearchResult">
		<arguments>
			<argument name="mainTable" xsi:type="string">wallet_payment_payment</argument>
			<argument name="resourceModel" xsi:type="string">Wallet\Payment\Model\ResourceModel\Payment\Collection</argument>
		</arguments>
	</virtualType>
	<type name="Magento\Framework\View\Element\UiComponent\DataProvider\CollectionFactory">
		<arguments>
			<argument name="collections" xsi:type="array">
				<item name="wallet_payment_payment_grid_data_source" xsi:type="string">Wallet\Payment\Model\ResourceModel\Payment\Grid\Collection</item>
			</argument>
		</arguments>
	</type>
</config>
