<root>
<config>
    <web>
        <default>
            <cms_home_page>porto_home_3</cms_home_page>
            <cms_no_route>no-route-2</cms_no_route>
        </default>
    </web>
    <cms>
        <wysiwyg>
            <enabled>hidden</enabled>
        </wysiwyg>
    </cms>
	<design>
		<header>
			<logo_width></logo_width>
			<logo_height></logo_height>
			<logo_src>default/logo_new_white.png</logo_src>
		</header>
	</design>
	<dev>
		<js>
			<merge_files>1</merge_files>
		</js>
	</dev>
    <layered_navigation>
        <general>
            <enable>0</enable>
        </general>
    </layered_navigation>
    <porto_settings>
        <general>
            <boxed>wide</boxed>
            <layout>full_width</layout>
            <disable_border_radius>1</disable_border_radius>
            <show_site_notice>0</show_site_notice>
            <category_list_on_left>0</category_list_on_left>
            <smartlayers>1</smartlayers>
        </general>
        <header>
            <header_type>14</header_type>
            <static_block>porto_custom_block_for_header</static_block>
            <sticky_header>0</sticky_header>
            <sticky_header_logo></sticky_header_logo>
            <currency_short>1</currency_short>
            <language_flag>0</language_flag>
        </header>
        <footer>
            <footer_top>0</footer_top>
            <footer_top_block>custom</footer_top_block>
            <footer_top_custom>porto_footer_top_custom_block</footer_top_custom>
            <footer_middle>1</footer_middle>
            <footer_ribbon>0</footer_ribbon>
            <footer_ribbon_text>Ribbon Text</footer_ribbon_text>
            <footer_middle_column_1>custom</footer_middle_column_1>
            <footer_middle_column_1_custom>porto_footer_middle_1_for_3</footer_middle_column_1_custom>
            <footer_middle_column_1_size>2</footer_middle_column_1_size>
            <footer_middle_column_2>custom</footer_middle_column_2>
            <footer_middle_column_2_custom>porto_footer_middle_2_for_3</footer_middle_column_2_custom>
            <footer_middle_column_2_size>2</footer_middle_column_2_size>
            <footer_middle_column_3>custom</footer_middle_column_3>
            <footer_middle_column_3_custom>porto_footer_middle_3_for_3</footer_middle_column_3_custom>
            <footer_middle_column_3_size>2</footer_middle_column_3_size>
            <footer_middle_column_4>custom</footer_middle_column_4>
            <footer_middle_column_4_custom>porto_footer_middle_4_for_3</footer_middle_column_4_custom>
            <footer_middle_column_4_size>2</footer_middle_column_4_size>
            <footer_middle_2>0</footer_middle_2>
            <footer_middle_2_column_1>custom</footer_middle_2_column_1>
            <footer_middle_2_column_1_custom>porto_footer_links</footer_middle_2_column_1_custom>
            <footer_middle_2_column_1_size>3</footer_middle_2_column_1_size>
            <footer_middle_2_column_2>custom</footer_middle_2_column_2>
            <footer_middle_2_column_2_custom>porto_footer_links</footer_middle_2_column_2_custom>
            <footer_middle_2_column_2_size>3</footer_middle_2_column_2_size>
            <footer_middle_2_column_3>custom</footer_middle_2_column_3>
            <footer_middle_2_column_3_custom>porto_footer_links</footer_middle_2_column_3_custom>
            <footer_middle_2_column_3_size>3</footer_middle_2_column_3_size>
            <footer_middle_2_column_4>custom</footer_middle_2_column_4>
            <footer_middle_2_column_4_custom>porto_footer_links</footer_middle_2_column_4_custom>
            <footer_middle_2_column_4_size>3</footer_middle_2_column_4_size>
            <footer_bottom>1</footer_bottom>
            <footer_store_switcher>0</footer_store_switcher>
            <footer_logo_src></footer_logo_src>
            <footer_bottom_copyrights><![CDATA[COPYRIGHT 2016 PORTO. ALL RIGHTS RESERVED.]]></footer_bottom_copyrights>
            <footer_bottom_custom_1></footer_bottom_custom_1>
            <footer_bottom_custom_2>porto_footer_bottom_custom_block_2_3</footer_bottom_custom_2>
        </footer>
        <category>
            <alternative_image>1</alternative_image>
            <aspect_ratio>0</aspect_ratio>
            <ratio_width>300</ratio_width>
            <ratio_height>400</ratio_height>
            <rating_star>0</rating_star>
            <product_price>1</product_price>
            <actions>1</actions>
            <addtocompare>0</addtocompare>
            <addtowishlist>1</addtowishlist>
            <category_description>main_column</category_description>
            <side_custom_block>porto_category_side_custom_block</side_custom_block>
        </category>
        <category_grid>
            <columns>4</columns>
            <flex_grid>0</flex_grid>
            <move_actions>1</move_actions>
        </category_grid>
        <product>
            <product_image_size>4</product_image_size>
            <main_custom_block>porto_product_main_custom_block</main_custom_block>
            <side_custom_block>porto_product_side_custom_block</side_custom_block>
            <page_layout>page-layout-1column</page_layout>
            <upsell_columns>5</upsell_columns>
            <move_upsell>1</move_upsell>
            <move_addtolinks>1</move_addtolinks>
        </product>
		<newsletter>
            <delay>10000</delay>
			<logo_src>default/logo_black.png</logo_src>
		</newsletter>
        <contacts>
            <enable>1</enable>
            <full_width>0</full_width>
            <address>Porto2 Store</address>
            <latitude>-34.398</latitude>
            <longitude>150.884</longitude>
            <zoom>18</zoom>
            <infoblock><![CDATA[<div class="row">
<div class="col-sm-12">
    <i class="porto-icon-phone"></i>
    <p>0201 203 2032</p>
    <p>0201 203 2032</p>
</div>
</div>
<div class="row">
<div class="col-sm-12">
    <i class="porto-icon-mobile"></i>
    <p>201-123-3922</p>
    <p>302-123-3928</p>
</div>
</div>
<div class="row">
<div class="col-sm-12">
    <i class="porto-icon-mail-alt"></i>
    <p>porto@gmail.com</p>
    <p>porto@portotemplate.com</p>
</div>
</div>
<div class="row">
<div class="col-sm-12">
    <i class="porto-icon-skype"></i>
    <p>porto_skype</p>
    <p>proto_template</p>
</div>
</div>]]></infoblock>
            <customblock></customblock>
        </contacts>
        <custom_settings>
            <custom_style><![CDATA[.navigation, .header.content, .top-container, .page-wrapper > .breadcrumbs .items {
    max-width: none;
}
#at4-share {
    z-index: 3 !important;
}
.at4m-dock.at4-ma1 a {
    float: right !important;
}
.atss .at-share-btn .at-icon-wrapper, .atss a .at-icon-wrapper {
    background-color: #000 !Important;
}
.atss .at-share-btn {
    margin: 0 1px 1px 0 !important;
}
@media (max-width: 767px) {
    .atss .at-share-btn {
        max-width: 40px;
        pointer-events: all;
    }
    .at-share-dock.atss {
        box-shadow: none !important;
        pointer-events: none;
    }
}
.at4m-dock-toggle {
    left: 0 !important;
    right: auto !important;
}
.page-main {
    padding: 40px 0;
    max-width: none;
}
.page-wrapper > .breadcrumbs {
    border-bottom: 1px solid #dfdfdf;
    position: relative;
    z-index: 2;
}
.breadcrumbs .items > li {
    vertical-align: middle;
    height: 21px;
}
.breadcrumbs .items > li > a, .breadcrumbs .items > li > strong {
    font-family: "Oswald";
    text-transform: uppercase;
    font-size: 10px;
    font-weight: 700;
    letter-spacing: 1px;
    display: inline-block;
    vertical-align: middle;
    padding: 0;
    margin: 0;
    line-height: 1;
}
.breadcrumbs .item:not(:last-child):after {
    content: "\f856";
    display: inline-block;
    vertical-align: middle;
    font-size: 13px;
    margin: 0 10px;
}
.block-category-list .block-title, .filter-options-title, .filter .filter-current-subtitle {
    padding: 10px 0;
    border: 0;
    background-color: transparent;
    border-bottom: 2px solid #ccc;
    font-family: "Oswald";
    font-size: 12px;
    color: #000;
    letter-spacing: 1px;
}
.block-category-list .block-content, .filter-options-content, .filter-current .items {
    border: 0;
    background-color: transparent;
}
.filter-actions {
    border: 0;
    background-color: transparent;
    border-top: 1px solid #ccc;
}
.filter-options-content a, .filter-options-content .count, .block-category-list .block-content .item a, .filter-content .item, .filter-value, .filter-current .action.remove, .abs-remove-button-for-blocks:before, .sidebar .product-items .action.delete:before, .table-comparison .cell.remove .action.delete:before, .block-compare .action.delete:before, .filter-current .action.remove:before, .abs-remove-button-for-blocks:hover:before, .sidebar .product-items .action.delete:hover:before, .table-comparison .cell.remove .action.delete:hover:before, .block-compare .action.delete:hover:before, .filter-current .action.remove:hover:before {
    color: #000 !important;
}
.filter-options-title:after {
    content: "\f882";
    border: 0;
    color: #000;
    font-size: 12px;
    text-align: right;
    right: 0;
    line-height: 26px;
}
.filter-options-title:hover:after {
    background-color: transparent;
    color: #000;
}
.active > .filter-options-title:after {
    content: "\f883";
}
.swatch-option {
    border-color: #eee;
}
.swatch-option.text {
    font-family: "Oswald";
    color: #000 !important;
    font-weight: 400;
}
.swatch-option.image:not(.disabled):hover, .swatch-option.color:not(.disabled):hover, .swatch-option:not(.disabled):hover {
    border-color: #000;
}
.sidebar-title {
    border-bottom: 2px solid #ccc;
    padding-bottom: 10px;
    margin-bottom: 20px;
    font-family: "Oswald";
    font-size: 12px;
    letter-spacing: 1px;
    color: #000;
}
.sidebar-filterproducts .owl-top-narrow .owl-theme .owl-controls {
    top: -48px;
    right: -5px;
}
.sidebar-filterproducts .owl-top-narrow .owl-theme .owl-controls .owl-nav [class*=owl-] {
    font-size: 14px;
}
#ln_slider_price.ui-slider-horizontal {
    background: #555;
}
.products-grid .product-item-actions .tocart {
    display: none;
}
.product-item-photo {
    overflow: visible;
}
.product-item-photo>a:not(.weltpixel-quickview):after {
    content: "";
    width: 100%;
    height: 100%;
    background-color: rgba(0,0,0,0.5);
    position: absolute;
    left: 0;
    top: 0;
    z-index: 3;
    visibility: hidden;
    opacity: 0;
    transition: all 0.1s;
}
.products-grid .product-item .product-item-info:hover .product-item-photo>a:not(.weltpixel-quickview):after {
    visibility: visible;
    opacity: 1;
}
.product-item-photo .product-item-inner .product-item-actions > .action {
    visibility: visible !important;
    opacity: 1 !important;
    position: static;
    border: 0;
    background-color: transparent;
    color: #dfdfdf;
}
.products-grid .product-item .product-item-inner {
    position: absolute;
    left: auto;
    right: -8px;
    top: auto;
    margin: 0;
    bottom: -37px;
    visibility: visible;
    opacity: 1;
}
.products-grid .product-item-actions {
    margin: 0;
}
.products-grid .product-item .product-item-details {
    text-align: left;
}
.products-grid .product-item .product-item-info:hover .weltpixel-quickview.weltpixel_quickview_button_v2 {
    left: 50%;
    right: auto;
    top: 50%;
    bottom: auto;
    font-family: "Oswald";
    text-transform: uppercase;
    letter-spacing: 1px;
    padding: 17px 14px;
    margin-left: -45px;
    margin-top: -25px;
    text-decoration: none;
}
.products-grid .product-item .product-item-info:hover .weltpixel-quickview.weltpixel_quickview_button_v2 .porto-icon-eye {
    display: none;
}
.products-grid .product-item .product-item-info:hover .weltpixel-quickview.weltpixel_quickview_button_v2:hover {
    opacity: 0.8;
}
.product-item-photo .product-item-inner .product-item-actions > .action:hover {
    color: #000;
}
.price-container .price {
    font-family: "Oswald";
    font-weight: 400;
    color: #000;
}
.old-price {
    margin-right: 10px;
}
.old-price .price {
    font-size: 20px;
}
.special-price .price-container .price {
    color: #f00;
}
.toolbar {
    margin-bottom: 15px;
}
.toolbar-amount {
    font-family: "Oswald";
    font-size: 12px;
    color: #000;
    text-transform: uppercase;
    padding: 10px 0;
    line-height: 15px;
}
.sorter-label {
    font-size: 12px;
    font-family: "Oswald";
    text-transform: uppercase;
    color: #000;
}
.toolbar select {
    border: 2px solid #000;
    height: 35px;
    line-height: 31px;
    font-family: "Oswald";
    font-size: 12px;
    text-transform: uppercase;
    color: #000;
}
.sorter-action {
    line-height: 35px;
}
.page-products .toolbar .limiter {
    font-family: "Oswald";
    color: #000;
    text-transform: uppercase;
    font-size: 12px;
}
.pages strong.page {
    border: 0;
    height: 35px;
    line-height: 35px;
    font-size: 13px;
    padding: 0;
    font-family: "Oswald";
    background-color: transparent;
    color: #000;
    font-weight: 700;
}
.pages a.page {
    border: 0;
    height: 35px;
    line-height: 35px;
    padding: 0;
    font-size: 13px;
    font-family: "Oswald";
    font-weight: 700;
    color: #939393;
}
.pages a.page:hover {
    border: 0;
    background-color: transparent;
    color: #000;
}
.pages .action {
    border: 2px solid #000;
    background-color: #000;
    width: 35px;
    height: 35px;
    line-height: 31px;
    font-family: "Oswald";
    font-size: 13px;
}
.pages .action:hover {
    border-width: 2px;
}
.pages .action:before {
    color: #fff !important;
}
.footer .container {
    width: 100%;
}
.filter-title strong {
    border: 2px solid #000;
    border-radius: 0;
    color: #000;
    font-family: "Oswald";
    font-weight: 400;
    text-transform: uppercase;
    font-size: 13px;
}
.products-grid .product-item .product-item-details .product-item-name {
    padding-right: 20px;
}
.product-info-main .product-reviews-summary, .customer-review .product-reviews-summary {
    margin-bottom: 30px;
}
.product-options-bottom .price-box .price-container .price, .product-info-price .price-box .price-container .price {
    font-weight: 400;
}
.product-info-main .product-info-price {
    border: 0;
    margin-bottom: 0;
}
.swatch-attribute-label {
    font-weight: 400;
    font-size: 14px;
}
.product-options-wrapper {
    border: 0;
    padding: 0;
}
.product-social-links {
    border: 0;
    padding: 0;
}
.product-info-main .box-tocart {
    margin: 40px 0 45px;
}
.product-info-main .box-tocart .input-text.qty, .bundle-options-container .box-tocart .input-text.qty {
    height: 60px;
    min-width: 100px;
    font-family: "Oswald";
    font-size: 12px;
    font-weight: 700;
    margin-right: 1px;
    color: #000;
}
.product-info-main .qty.field .qty-changer > a, .bundle-options-container .box-tocart .qty.field .qty-changer > a {
    width: 28px;
    height: 28px;
    margin-top: 4px;
    line-height: 24px;
    border: 2px solid #000;
    color: #000;
    font-size: 11px;
    text-align: center;
}
.product-info-main .qty.field .qty-changer > a:first-child, .bundle-options-container .qty.field .qty-changer > a:first-child {
    margin-top: 0;
}
.product-info-main .qty.field .qty-changer > a .porto-icon-up-dir:before, .bundle-options-container .qty.field .qty-changer > a .porto-icon-up-dir:before {
    content: '\f882';
}
.product-info-main .qty.field .qty-changer > a .porto-icon-down-dir:before, .bundle-options-container .qty.field .qty-changer > a .porto-icon-down-dir:before {
    content: '\f883';
}
.swatch-attribute.size .swatch-option, .swatch-attribute.manufacturer .swatch-option {
    background-color: transparent;
}
.box-tocart .action.tocart {
    min-width: 250px;
    height: 60px;
    line-height: 60px;
    border: 0;
    font-family: "Oswald";
    font-size: 14px;
    font-weight: 400;
    letter-spacing: 1px;
    text-transform: uppercase;
}
.product-info-main .fieldset > .field.qty {
    margin-right: 50px;
    margin-bottom: 20px;
}
.product-info-main .product.overview {
    margin-bottom: 40px;
}
.block.upsell .title {
    background: transparent;
    border-bottom: 1px solid #dfdfdf;
    padding-bottom: 20px;
    margin-bottom: 30px;
}
.block.upsell .title strong {
    background-color: transparent;
    font-family: "Oswald";
    font-size: 14px;
    font-weight: 400;
    letter-spacing: 1px;
}
.bundle-info .fieldset > .field.qty, .bundle-info .box-tocart .actions {
    margin-bottom: 20px;
    margin-right: 30px;
}
.moved-add-to-links {
    margin-bottom: 20px;
}
.moved-add-to-links .action.mailto.friend {
    display: none;
}
.moved-add-to-links .action span, .bundle-options-container .block-bundle-summary .product-addto-links .action span {
    display: inline-block;
    vertical-align: middle;
    color: #000;
    text-transform: uppercase;
    font-weight: 400;
    font-size: 11px;
    margin: 0 10px;
}
.moved-add-to-links .action.towishlist, .moved-add-to-links .action.tocompare, .bundle-options-container .block-bundle-summary .product-addto-links .action.towishlist, .bundle-options-container .block-bundle-summary .product-addto-links .action.tocompare {
    width: auto;
    height: auto;
    line-height: 1.4;
    border: 0;
    color: #dfdfdf;
    letter-spacing: 0;
    display: block;
    white-space: nowrap;
}
.moved-add-to-links .action.towishlist:before, .moved-add-to-links .action.tocompare:before, .bundle-options-container .block-bundle-summary .product-addto-links .action.towishlist:before, .bundle-options-container .block-bundle-summary .product-addto-links .action.tocompare:before {
    display: inline-block;
    vertical-align: middle;
    font-size: 16px;
    min-width: 20px;
}
.moved-add-to-links .action.towishlist:hover, .moved-add-to-links .action.tocompare:hover, .bundle-options-container .block-bundle-summary .product-addto-links .action.towishlist:hover, .bundle-options-container .block-bundle-summary .product-addto-links .action.tocompare:hover {
    color: #000;
}
.product-info-main .box-tocart .actions {
    margin-right: 40px;
    margin-bottom: 20px;
}
.footer-middle .block .block-title {
    margin: 40px 0;
    font-family: "Oswald";
    letter-spacing: 1px;
}
.footer-middle .block .block-title strong {
    font-size: 12px;
    font-weight: 700;
}
.footer-middle .newsletter > label {
    display: none;
}
.footer-middle input#newsletter {
    background: transparent;
    border-radius: 0;
    padding: 0 20px;
    display: block;
    width: 100%;
    height: 50px;
    line-height: 48px;
    text-transform: uppercase;
}
.footer-middle .newsletter button.action.primary {
    font-family: "Oswald";
    font-size: 14px;
    font-weight: 700;
    line-height: 1;
    text-transform: uppercase;
    background-color: #fff;
    color: #000;
    padding: 0;
    letter-spacing: 3px;
    transition: all 0.3s;
    margin: 10px 0;
    display: block;
    width: 100%;
    line-height: 50px;
    height: 50px;
}
.footer-bottom {
    padding: 0;
}
.footer .footer-bottom > .container {
    padding: 40px 0;
    border-top: 1px solid #333;
}
.footer-bottom address {
    float: left;
}
.bundle-options-container .block-bundle-summary .price-box .price-wrapper, .bundle-options-container .block-bundle-summary .price-box .price-wrapper > .price {
    color: #000;
}
.weltpixel-quickview-catalog-product-view .column.main > .custom-block, .weltpixel-quickview-catalog-product-view .addthis-smartlayers {
    display: none;
}
.minicart-items .product-image-container {
    border: 1px solid #a3a3a3;
}
.minicart-items .product-item:not(:first-child) {
    border: 0;
}
.block-minicart .block-content > .actions > .primary .action.primary {
    font-family: "Oswald";
    font-weight: 400;
    letter-spacing: 1px;
    height: 60px;
}
.block-minicart .block-content > .actions > .secondary .action.viewcart {
    border: 2px solid #000;
    text-decoration: none;
    font-family: "Oswald";
    letter-spacing: 1px;
    height: 60px;
    line-height: 36px;
}
.minicart-items .product-item-pricing .label {
    width: auto;
}
.minicart-items .price-container .price {
    font-weight: 400;
    font-size: 16px;
}
.minicart-items .product-item-details {
    padding-top: 0;
    padding-bottom: 0;
}
@media (min-width: 640px) {
    .modes-mode {
        width: 35px;
        height: 35px;
        line-height: 31px;
        border: 2px solid #000;
        color: #000;
    }
    .modes-mode:before {
        font-size: 16px;
    }
}
@media (min-width: 768px) {
    .product-info-main .page-title-wrapper h1 {
        margin-bottom: 30px;
    }
    .product-info-main .product-add-form {
        padding-top: 0;
    }
    .product.data.items > .item.title > .switch {
        border: 0;
        color: #000;
        font-family: "Oswald";
        font-size: 14px;
        font-weight: 400;
        text-transform: uppercase;
        letter-spacing: 1px;
        height: 50px;
        line-height: 50px;
        padding: 0 25px;
        background-color: #fff;
    }
    .product.data.items > .item.title.active > .switch, .product.data.items > .item.title.active > .switch:focus, .product.data.items > .item.title.active > .switch:hover {
        background-color: #dfdfdf;
    }
    .product.data.items > .item.title:not(.active) > .switch:hover {
        background-color: #f1f1f1;
        color: #000;
    }
    .product.data.items > .item.content {
        box-shadow: none;
        border: 0;
        border-top: 1px solid #dfdfdf;
        padding: 45px 0;
        margin-top: 50px;
    }
    .data.switch .counter {
        color: inherit;
    }
    .footer-middle .col-sm-4 {
        width: 40%;
    }
    .footer-middle .col-sm-2 {
        width: 20%;
    }
}
@media (min-width: 1200px) {
    .footer {
        position: fixed;
        left: 0;
        bottom: 0;
        width: 100%;
        z-index: 0;
    }
    .page-main {
        margin-bottom: 570px;
        background-color: #fff;
        z-index: 1;
        min-height: 90vh;
        min-height: calc(100vh - 120px);
    }
}
@media (min-width: 1900px) {
    .page-main, .page-wrapper > .breadcrumbs .items, body.layout-fullwidth .page-wrapper > .breadcrumbs .items, body.layout-fullwidth.catalog-category-view .page-main, body.layout-fullwidth.catalog-product-view .page-main, body.layout-fullwidth.cms-index-index .page-main, .footer .container, .footer-bottom, .checkout-cart-index .page-main {
        padding-left: 100px;
        padding-right: 100px;
    }
    .sidebar-main {
        padding-right: 60px;
    }
}
@media (max-width: 1899px) {
    .page-main, .page-wrapper > .breadcrumbs .items, body.layout-fullwidth .page-wrapper > .breadcrumbs .items, body.layout-fullwidth.catalog-category-view .page-main, body.layout-fullwidth.catalog-product-view .page-main, body.layout-fullwidth.cms-index-index .page-main, .footer .container, .footer-bottom, .checkout-cart-index .page-main {
        padding-left: 70px;
        padding-right: 70px;
    }
    .sidebar-main {
        padding-right: 40px;
    }
    .product-info-main .fieldset > .field.qty {
        margin-right: 30px;
    }
    .product-info-main .box-tocart .actions {
        margin-right: 25px;
    }
}
@media (max-width: 1679px) {
    .product-info-main .box-tocart .input-text.qty {
        min-width: 60px;
    }
    .box-tocart .action.tocart {
        min-width: 150px;
    }
}
@media (max-width: 1439px) {
    .page-main, .page-wrapper > .breadcrumbs .items, body.layout-fullwidth .page-wrapper > .breadcrumbs .items, body.layout-fullwidth.catalog-category-view .page-main, body.layout-fullwidth.catalog-product-view .page-main, body.layout-fullwidth.cms-index-index .page-main, .footer .container, .footer-bottom, .checkout-cart-index .page-main {
        padding-left: 30px;
        padding-right: 30px;
        max-width: none;
    }
}
@media (max-width: 1199px) {
    .sidebar-main {
        padding-right: 30px;
    }
    .products-grid.columns4 {
        margin-left: -10px;
        margin-right: -10px;
    }
}
@media (max-width: 767px) {
    .page-main, .page-wrapper > .breadcrumbs .items, body.layout-fullwidth .page-wrapper > .breadcrumbs .items, body.layout-fullwidth.catalog-category-view .page-main, body.layout-fullwidth.catalog-product-view .page-main, body.layout-fullwidth.cms-index-index .page-main, .footer .container, .footer-bottom, .checkout-cart-index .page-main {
        padding-left: 15px;
        padding-right: 15px;
    }
    .sidebar-main {
        padding-right: 0;
    }
}
@media (max-width: 639px) {
    .filter.active .filter-subtitle {
        font-family: "Oswald";
        font-size: 13px;
        text-transform: uppercase;
        color: #000;
        letter-spacing: 1px;
        padding: 8px 15px;
    }
    .filter.active .filter-title strong {
        top: 0;
    }
    .filter.active .filter-title strong:after {
        color: #000;
    }
    .filter.active .filter-options {
        padding: 0 15px;
    }
}
@media (min-width: 768px) {
    .page-layout-1column:not(.weltpixel-quickview-catalog-product-view) .product-info-main, .page-layout-2columns-left:not(.weltpixel-quickview-catalog-product-view) .product-info-main, .page-layout-2columns-right:not(.weltpixel-quickview-catalog-product-view) .product-info-main, .page-layout-3columns:not(.weltpixel-quickview-catalog-product-view) .product-info-main {
        width: 40.33%;
    }
}
.pages a.page:visited {
    color: #939393;
}
.sidebar-filterproducts + h2 {
    border-bottom: 2px solid #ccc;
    padding-bottom: 10px;
    margin-bottom: 20px;
    font-family: "Oswald";
    font-size: 12px !important;
    letter-spacing: 1px;
    color: #000;
    text-transform: uppercase;
}
.product-info-main .page-title-wrapper h1 {
    color: #000;
}
button.action.primary {
    font-family: "Oswald";
    text-transform: uppercase;
    letter-spacing: 1px;
}
.page-main > .page-title-wrapper .page-title {
    font-size: 35px;
    font-family: "Oswald";
    text-transform: uppercase;
    font-weight: 700;
}]]></custom_style>
            <custom_style_2><![CDATA[]]></custom_style_2>
        </custom_settings>
    </porto_settings>
    <porto_design>
        <general>
            <theme_color>000000</theme_color>
        </general>
        <font>
            <custom>0</custom>
            <font_size></font_size>
            <font_family></font_family>
            <custom_font_family></custom_font_family>
            <google_font_family></google_font_family>
            <char_latin_ext></char_latin_ext>
            <char_subset></char_subset>
        </font>
        <colors>
            <custom>1</custom>
            <text_color></text_color>
            <link_color></link_color>
            <link_hover_color></link_hover_color>
            <button_bg_color></button_bg_color>
            <button_text_color></button_text_color>
            <button_hover_bg_color></button_hover_bg_color>
            <button_hover_text_color></button_hover_text_color>
            <addtowishlist_color></addtowishlist_color>
            <addtowishlist_hover_color></addtowishlist_hover_color>
            <addtocompare_color></addtocompare_color>
            <addtocompare_hover_color></addtocompare_hover_color>
            <breadcrumbs_bg_color>FFFFFF</breadcrumbs_bg_color>
            <breadcrumbs_color>000000</breadcrumbs_color>
            <breadcrumbs_links_color>000000</breadcrumbs_links_color>
            <breadcrumbs_links_hover_color>000000</breadcrumbs_links_hover_color>
            <sale_bg_color></sale_bg_color>
            <sale_font_color></sale_font_color>
            <new_bg_color></new_bg_color>
            <new_font_color></new_font_color>
        </colors>
        <header>
            <custom>1</custom>
            <header_bgcolor></header_bgcolor>
            <header_bg_image></header_bg_image>
            <header_bordercolor></header_bordercolor>
            <header_textcolor></header_textcolor>
            <header_linkcolor></header_linkcolor>
            <header_top_links_bgcolor></header_top_links_bgcolor>
            <header_top_links_color>FFFFFF</header_top_links_color>
            <header_menu_bgcolor></header_menu_bgcolor>
            <header_menu_color>CCCCCC</header_menu_color>
            <header_menu_hover_bgcolor></header_menu_hover_bgcolor>
            <header_menu_hover_color>FFFFFF</header_menu_hover_color>
            <header_menu_classicmenu_bgcolor></header_menu_classicmenu_bgcolor>
            <header_menu_classicmenu_bordercolor></header_menu_classicmenu_bordercolor>
            <header_menu_classicmenu_color>000000</header_menu_classicmenu_color>
            <header_menu_classicmenu_hover_bgcolor>000000</header_menu_classicmenu_hover_bgcolor>
            <header_menu_classicmenu_hover_color>FFFFFF</header_menu_classicmenu_hover_color>
            <header_menu_megamenu_bgcolor></header_menu_megamenu_bgcolor>
            <header_menu_megamenu_bordercolor></header_menu_megamenu_bordercolor>
            <header_menu_megamenu_color>000000</header_menu_megamenu_color>
            <header_menu_megamenu_hover_color></header_menu_megamenu_hover_color>
            <header_search_bgcolor></header_search_bgcolor>
            <header_search_text_color></header_search_text_color>
            <header_search_bordercolor></header_search_bordercolor>
            <header_minicart_bgcolor></header_minicart_bgcolor>
            <header_minicart_color></header_minicart_color>
            <header_minicart_icon_color></header_minicart_icon_color>
        </header>
        <footer>
            <custom>1</custom>
            <footer_top_bgcolor></footer_top_bgcolor>
            <footer_top_color></footer_top_color>
            <footer_top_link_color></footer_top_link_color>
            <footer_top_link_hover_color></footer_top_link_hover_color>
            <footer_middle_bgcolor>000000</footer_middle_bgcolor>
            <footer_middle_color>FFFFFF</footer_middle_color>
            <footer_middle_link_color>FFFFFF</footer_middle_link_color>
            <footer_middle_link_hover_color>FFFFFF</footer_middle_link_hover_color>
            <footer_middle_title_color>FFFFFF</footer_middle_title_color>
            <footer_middle_links_icon_color>FFFFFF</footer_middle_links_icon_color>
            <footer_middle_ribbon_bgcolor></footer_middle_ribbon_bgcolor>
            <footer_middle_ribbon_shadow_color>222222</footer_middle_ribbon_shadow_color>
            <footer_middle_ribbon_color></footer_middle_ribbon_color>
            <footer_middle_2_bgcolor></footer_middle_2_bgcolor>
            <footer_middle_2_color></footer_middle_2_color>
            <footer_middle_2_link_color></footer_middle_2_link_color>
            <footer_middle_2_link_hover_color></footer_middle_2_link_hover_color>
            <footer_middle_2_title_color></footer_middle_2_title_color>
            <footer_middle_2_links_icon_color></footer_middle_2_links_icon_color>
            <footer_bottom_bgcolor>000000</footer_bottom_bgcolor>
            <footer_bottom_color>FFFFFF</footer_bottom_color>
            <footer_bottom_link_color>FFFFFF</footer_bottom_link_color>
            <footer_bottom_link_hover_color>FFFFFF</footer_bottom_link_hover_color>
        </footer>
        <page>
            <custom>0</custom>
            <page_bgcolor></page_bgcolor>
            <page_bg_image></page_bg_image>
            <page_custom_style><![CDATA[]]></page_custom_style>
        </page>
        <main>
            <custom>0</custom>
            <main_bgcolor></main_bgcolor>
            <main_bg_image></main_bg_image>
            <main_custom_style><![CDATA[]]></main_custom_style>
        </main>
    </porto_design>
</config>
</root>