<root>
<demos>
    <demo01>
        <pages>
            <item>about-porto</item>
            <item>no-route-2</item>
            <item>porto_home_1</item>
            <item>porto_home_1_old</item>
        </pages>
        <blocks>
            <item>porto_homeslider_1</item>
            <item>porto_homeslider_1_old</item>
            <item>porto_custom_block_for_header_home1</item>
            <item>porto_custom_block_for_header</item>
            <item>porto_footer_top_1_for_1</item>
            <item>porto_footer_middle_1_for_1</item>
            <item>porto_footer_middle_2_for_1</item>
            <item>porto_footer_links</item>
            <item>porto_footer_contact_information</item>
            <item>porto_footer_features</item>
            <item>porto_footer_bottom_custom_block</item>
            <item>porto_category_side_custom_block</item>
            <item>porto_product_side_custom_block_new</item>
            <item>porto_product_side_custom_block</item>
            <item>porto_custom_menu_before</item>
            <item>porto_custom_menu</item>
            <item>porto_fashion_category_banner_demo1</item>
            <item>porto_category_banner_fashion</item>
            <item>porto_custom_tab</item>
        </blocks>
    </demo01>
    <demo02>
        <pages>
            <item>about-porto</item>
            <item>no-route-2</item>
            <item>porto_home_2</item>
            <item>porto_home_2_old</item>
        </pages>
        <blocks>
            <item>porto_homeslider_2</item>
            <item>porto_homeslider_2_old</item>
            <item>porto_custom_block_for_header_home2</item>
            <item>porto_custom_block_for_header</item>
            <item>porto_footer_middle_1_for_2</item>
            <item>porto_footer_middle_2_for_2</item>
            <item>porto_footer_bottom_custom_block_demo2</item>
            <item>porto_footer_links</item>
            <item>porto_footer_contact_information</item>
            <item>porto_footer_features</item>
            <item>porto_footer_bottom_custom_block</item>
            <item>porto_category_side_custom_block</item>
            <item>porto_product_side_custom_block_new</item>
            <item>porto_product_side_custom_block</item>
            <item>porto_custom_menu_before</item>
            <item>porto_custom_menu</item>
            <item>porto_fashion_category_banner_demo1</item>
            <item>porto_category_banner_fashion</item>
            <item>porto_custom_tab</item>
        </blocks>
    </demo02>
    <demo03>
        <pages>
            <item>about-porto-2</item>
            <item>no-route-2</item>
            <item>porto_home_3</item>
            <item>porto_home_3_old</item>
        </pages>
        <blocks>
            <item>porto_homeslider_3</item>
            <item>porto_homeslider_3_old</item>
            <item>porto_custom_block_for_header</item>
            <item>porto_product_main_custom_block</item>
            <item>porto_footer_middle_1_for_3</item>
            <item>porto_footer_middle_2_for_3</item>
            <item>porto_footer_middle_3_for_3</item>
            <item>porto_footer_middle_4_for_3</item>
            <item>porto_footer_links</item>
            <item>porto_footer_contact_information</item>
            <item>porto_footer_features</item>
            <item>porto_footer_bottom_custom_block_1_3</item>
            <item>porto_footer_bottom_custom_block_2_3</item>
            <item>porto_category_side_custom_block</item>
            <item>porto_product_side_custom_block</item>
            <item>porto_custom_menu_before</item>
            <item>porto_custom_menu</item>
            <item>porto_category_banner_fashion</item>
            <item>porto_custom_tab</item>
        </blocks>
    </demo03>
    <demo04>
        <pages>
            <item>about-porto</item>
            <item>no-route-2</item>
            <item>porto_home_4</item>
            <item>porto_home_4_old</item>
        </pages>
        <blocks>
            <item>porto_homeslider_4</item>
            <item>porto_homeslider_4_old</item>
            <item>porto_custom_block_for_header</item>
            <item>porto_custom_block_for_header_home4</item>
            <item>porto_footer_top_custom_block_home4</item>
            <item>porto_footer_top_custom_block_home4_new</item>
            <item>porto_footer_links</item>
            <item>porto_footer_contact_information</item>
            <item>porto_footer_features</item>
            <item>porto_footer_middle_1_for_1</item>
            <item>porto_footer_middle_2_for_4</item>
            <item>porto_footer_bottom_custom_block</item>
            <item>porto_category_side_custom_block</item>
            <item>porto_product_side_custom_block</item>
            <item>porto_product_side_custom_block_new</item>
            <item>porto_custom_menu_before</item>
            <item>porto_custom_menu</item>
            <item>porto_category_banner_fashion</item>
            <item>porto_custom_tab</item>
        </blocks>
    </demo04>
    <demo05>
        <pages>
            <item>about-porto</item>
            <item>no-route-2</item>
            <item>porto_home_5</item>
            <item>porto_home_5_old</item>
        </pages>
        <blocks>
            <item>porto_homeslider_5</item>
            <item>porto_homeslider_5_old</item>
            <item>porto_custom_block_for_header</item>
            <item>porto_custom_block_for_header_home1</item>
            <item>porto_footer_links</item>
            <item>porto_footer_features</item>
            <item>porto_footer_newsletter</item>
            <item>porto_footer_contact_information_new</item>
            <item>porto_footer_bottom_custom_block_demo5</item>
            <item>porto_footer_contact_information</item>
            <item>porto_footer_bottom_custom_block</item>
            <item>porto_category_side_custom_block</item>
            <item>porto_product_side_custom_block_demo5</item>
            <item>porto_product_side_custom_block</item>
            <item>porto_custom_menu_before</item>
            <item>porto_custom_menu</item>
            <item>porto_fashion_category_banner_demo5</item>
            <item>porto_category_banner_fashion</item>
            <item>porto_custom_tab</item>
        </blocks>
    </demo05>
    <demo06>
        <pages>
            <item>about-porto</item>
            <item>no-route-2</item>
            <item>porto_home_6</item>
            <item>porto_home_6_old</item>
        </pages>
        <blocks>
            <item>porto_homeslider_6</item>
            <item>porto_homeslider_6_old</item>
            <item>porto_custom_block_for_header</item>
            <item>porto_custom_block_for_header_home13</item>
            <item>porto_footer_links</item>
            <item>porto_footer_contact_information</item>
            <item>porto_footer_contact_information_new</item>
            <item>porto_footer_features</item>
            <item>porto_footer_newsletter</item>
            <item>porto_footer_bottom_custom_block</item>
            <item>porto_footer_bottom_custom_block_demo5</item>
            <item>porto_category_side_custom_block</item>
            <item>porto_product_side_custom_block</item>
            <item>porto_product_side_custom_block_new</item>
            <item>porto_custom_menu_before</item>
            <item>porto_custom_menu</item>
            <item>porto_category_banner_fashion</item>
            <item>porto_custom_tab</item>
        </blocks>
    </demo06>
    <demo07>
        <pages>
            <item>about-porto</item>
            <item>no-route-2</item>
            <item>porto_home_7</item>
            <item>porto_home_7_old</item>
        </pages>
        <blocks>
            <item>porto_homeslider_7</item>
            <item>porto_homeslider_7_old</item>
            <item>porto_custom_block_for_header</item>
            <item>porto_footer_top_1_for_7</item>
            <item>porto_footer_middle_1_for_7</item>
            <item>porto_footer_middle_2_for_7</item>
            <item>porto_footer_bottom_social_icon_demo7</item>
            <item>porto_footer_bottom_custom_block_demo2</item>
            <item>porto_footer_links</item>
            <item>porto_footer_contact_information</item>
            <item>porto_footer_features</item>
            <item>porto_footer_bottom_custom_block</item>
            <item>porto_category_side_custom_block</item>
            <item>porto_product_side_custom_block_new</item>
            <item>porto_product_side_custom_block</item>
            <item>porto_custom_menu_before</item>
            <item>porto_custom_menu</item>
            <item>porto_category_banner_fashion</item>
            <item>porto_fashion_category_banner_demo1</item>
            <item>porto_custom_tab</item>
        </blocks>
    </demo07>
    <demo08>
        <pages>
            <item>about-porto</item>
            <item>no-route-2</item>
            <item>porto_home_8</item>
            <item>porto_home_8_old</item>
        </pages>
        <blocks>
            <item>porto_homeslider_8</item>
            <item>porto_homeslider_8_old</item>
            <item>porto_custom_block_for_header</item>
            <item>porto_custom_block_for_header_home1</item>
            <item>porto_footer_about_porto</item>
            <item>porto_footer_about_porto_demo8</item>
            <item>porto_footer_featured_products</item>
            <item>porto_footer_featured_products_new</item>
            <item>porto_footer_middle_twitter_widget</item>
            <item>porto_footer_middle_twitter_widget_new</item>
            <item>porto_footer_2nd_row_shop</item>
            <item>porto_footer_2nd_row_popular_tags</item>
            <item>porto_footer_2nd_row_myaccount</item>
            <item>porto_footer_2nd_row_contact_information</item>
            <item>porto_footer_bottom_custom_block_home8</item>
            <item>porto_footer_middle2_1_for_8</item>
            <item>porto_category_side_custom_block</item>
            <item>porto_product_side_custom_block</item>
            <item>porto_product_side_custom_block_new</item>
            <item>porto_custom_menu_before</item>
            <item>porto_custom_menu</item>
            <item>porto_category_banner_fashion</item>
            <item>porto_custom_tab</item>
        </blocks>
    </demo08>
    <demo09>
        <pages>
            <item>about-porto</item>
            <item>no-route-2</item>
            <item>porto_home_9</item>
            <item>porto_home_9_old</item>
        </pages>
        <blocks>
            <item>porto_homeslider_9</item>
            <item>porto_homeslider_9_old</item>
            <item>porto_custom_block_for_header</item>
            <item>porto_custom_block_for_header_home1</item>
            <item>porto_footer_middle_1_for_2</item>
            <item>porto_footer_middle_2_for_2</item>
            <item>porto_footer_bottom_custom_block_demo2</item>
            <item>porto_footer_links</item>
            <item>porto_footer_contact_information</item>
            <item>porto_footer_features</item>
            <item>porto_footer_bottom_custom_block</item>
            <item>porto_category_side_custom_block</item>
            <item>porto_product_side_custom_block_new</item>
            <item>porto_product_side_custom_block</item>
            <item>porto_custom_menu_before</item>
            <item>porto_custom_menu</item>
            <item>porto_fashion_category_banner_demo1</item>
            <item>porto_category_banner_fashion</item>
            <item>porto_custom_tab</item>
        </blocks>
    </demo09>
    <demo10>
        <pages>
            <item>about-porto</item>
            <item>no-route-2</item>
            <item>porto_home_10</item>
            <item>porto_home_10_old</item>
        </pages>
        <blocks>
            <item>porto_homeslider_10</item>
            <item>porto_homeslider_10_old</item>
            <item>porto_custom_block_for_header</item>
            <item>porto_custom_block_for_header_home1</item>
            <item>porto_footer_links</item>
            <item>porto_footer_contact_information</item>
            <item>porto_footer_features</item>
            <item>porto_footer_newsletter</item>
            <item>porto_footer_bottom_custom_block_demo5</item>
            <item>porto_footer_bottom_custom_block</item>
            <item>porto_category_side_custom_block</item>
            <item>porto_product_side_custom_block</item>
            <item>porto_product_side_custom_block_demo5</item>
            <item>porto_custom_menu_before</item>
            <item>porto_custom_menu</item>
            <item>porto_category_banner_fashion</item>
            <item>porto_custom_tab</item>
        </blocks>
    </demo10>
    <demo11>
        <pages>
            <item>about-porto</item>
            <item>no-route-2</item>
            <item>porto_home_11</item>
            <item>porto_home_11_old</item>
        </pages>
        <blocks>
            <item>porto_homeslider_11</item>
            <item>porto_homeslider_11_old</item>
            <item>porto_custom_block_for_header_home13</item>
            <item>porto_custom_block_for_header</item>
            <item>porto_footer_top_custom_block_home11</item>
            <item>porto_footer_top_custom_block_home11_new</item>
            <item>porto_footer_links</item>
            <item>porto_footer_contact_information</item>
            <item>porto_footer_contact_information_new</item>
            <item>porto_footer_features</item>
            <item>porto_footer_newsletter</item>
            <item>porto_footer_bottom_custom_block</item>
            <item>porto_footer_bottom_custom_block_demo5</item>
            <item>porto_category_side_custom_block</item>
            <item>porto_product_side_custom_block</item>
            <item>porto_product_side_custom_block_new</item>
            <item>porto_custom_menu_before</item>
            <item>porto_custom_menu</item>
            <item>porto_category_banner_fashion</item>
            <item>porto_custom_tab</item>
        </blocks>
    </demo11>
    <demo12>
        <pages>
            <item>about-porto</item>
            <item>no-route-2</item>
            <item>porto_home_12</item>
            <item>porto_home_12_old</item>
        </pages>
        <blocks>
            <item>porto_custom_block_for_header</item>
            <item>porto_custom_block_for_header_home12</item>
            <item>porto_custom_block_type_8</item>
            <item>porto_footer_top_custom_block_home12</item>
            <item>porto_footer_middle_logo_block_for_12</item>
            <item>porto_footer_logo</item>
            <item>porto_footer_features</item>
            <item>porto_footer_links</item>
            <item>porto_footer_contact_information</item>
            <item>porto_footer_contact_information_new</item>
            <item>porto_footer_bottom_custom_block</item>
            <item>porto_footer_bottom_custom_block_demo5</item>
            <item>porto_category_side_custom_block</item>
            <item>porto_product_side_custom_block</item>
            <item>porto_product_side_custom_block_new</item>
            <item>porto_custom_menu_before</item>
            <item>porto_custom_menu</item>
            <item>porto_category_banner_fashion</item>
            <item>porto_custom_tab</item>
        </blocks>
    </demo12>
    <demo13>
        <pages>
            <item>about-porto</item>
            <item>no-route-2</item>
            <item>porto_home_13</item>
            <item>porto_home_13_old</item>
        </pages>
        <blocks>
            <item>porto_homeslider_13</item>
            <item>porto_homeslider_13_old</item>
            <item>porto_custom_block_for_header</item>
            <item>porto_custom_block_for_header_home13</item>
            <item>porto_footer_top_custom_block_home13</item>
            <item>porto_footer_links</item>
            <item>porto_footer_contact_information</item>
            <item>porto_footer_features</item>
            <item>porto_footer_bottom_custom_block</item>
            <item>porto_footer_middle2_1_for_8</item>
            <item>porto_category_side_custom_block</item>
            <item>porto_product_side_custom_block</item>
            <item>porto_product_side_custom_block_new</item>
            <item>porto_custom_menu_before</item>
            <item>porto_custom_menu</item>
            <item>porto_category_banner_fashion</item>
            <item>porto_custom_tab</item>
        </blocks>
    </demo13>
    <demo14>
        <pages>
            <item>about-porto</item>
            <item>no-route-2</item>
            <item>porto_home_14</item>
            <item>porto_home_14_old</item>
        </pages>
        <blocks>
            <item>porto_homeslider_14</item>
            <item>porto_homeslider_14_old</item>
            <item>porto_custom_block_for_header</item>
            <item>porto_footer_middle_1_for_14_new</item>
            <item>porto_footer_middle_2_for_14_new</item>
            <item>porto_footer_links</item>
            <item>porto_footer_contact_information</item>
            <item>porto_footer_features</item>
            <item>porto_footer_bottom_custom_block</item>
            <item>porto_custom_block_product_for_demo14</item>
            <item>porto_custom_block_product_tab_for_demo14</item>
            <item>porto_category_side_custom_block</item>
            <item>porto_product_side_custom_block</item>
            <item>porto_custom_menu_before</item>
            <item>porto_custom_menu</item>
            <item>porto_category_banner_fashion</item>
            <item>porto_custom_tab</item>
        </blocks>
    </demo14>
    <demo15>
        <pages>
            <item>about-porto</item>
            <item>no-route-2</item>
            <item>porto_home_15</item>
            <item>porto_home_15_old</item>
        </pages>
        <blocks>
            <item>porto_homeslider_15</item>
            <item>porto_homeslider_15_old</item>
            <item>porto_custom_block_for_header</item>
            <item>porto_custom_notice_new</item>
            <item>porto_footer_top_1_for_1</item>
            <item>porto_footer_middle_1_for_1</item>
            <item>porto_footer_middle_2_for_1</item>
            <item>porto_footer_middle_logo_block_for_15</item>
            <item>porto_footer_links</item>
            <item>porto_footer_contact_information</item>
            <item>porto_footer_features</item>
            <item>porto_footer_bottom_custom_block</item>
            <item>porto_category_side_custom_block</item>
            <item>porto_product_side_custom_block_demo15</item>
            <item>porto_product_side_custom_block</item>
            <item>porto_custom_menu_before</item>
            <item>porto_custom_menu</item>
            <item>porto_fashion_category_banner_demo15</item>
            <item>porto_category_banner_fashion</item>
            <item>porto_custom_tab</item>
        </blocks>
    </demo15>
    <demo16>
        <pages>
            <item>about-porto</item>
            <item>no-route-2</item>
            <item>porto_home_16</item>
            <item>porto_home_16_old</item>
        </pages>
        <blocks>
            <item>porto_homeslider_16</item>
            <item>porto_homeslider_16_old</item>
            <item>porto_custom_block_for_header_type_10</item>
            <item>porto_custom_block_for_header_home16</item>
            <item>porto_footer_top_custom_block_home13</item>
            <item>porto_footer_middle2_1_for_8</item>
            <item>porto_footer_links</item>
            <item>porto_footer_contact_information</item>
            <item>porto_footer_features</item>
            <item>porto_footer_bottom_custom_block</item>
            <item>porto_category_side_custom_block</item>
            <item>porto_product_side_custom_block</item>
            <item>porto_product_side_custom_block_new</item>
            <item>porto_custom_menu_before</item>
            <item>porto_custom_menu</item>
            <item>porto_category_banner_fashion</item>
            <item>porto_custom_tab</item>
        </blocks>
    </demo16>
    <demo17>
        <pages>
            <item>about-porto</item>
            <item>no-route-2</item>
            <item>porto_home_17</item>
            <item>porto_home_17_old</item>
        </pages>
        <blocks>
            <item>porto_homeslider_17</item>
            <item>porto_homeslider_17_old</item>
            <item>porto_custom_block_for_header</item>
            <item>porto_custom_block_for_header_home1</item>
            <item>porto_footer_contact_information</item>
            <item>porto_footer_links</item>
            <item>porto_footer_features</item>
            <item>porto_footer_newsletter</item>
            <item>porto_footer_bottom_custom_block_demo2</item>
            <item>porto_footer_bottom_custom_block</item>
            <item>porto_category_side_custom_block</item>
            <item>porto_product_side_custom_block_demo17</item>
            <item>porto_product_side_custom_block</item>
            <item>porto_custom_menu_before</item>
            <item>porto_custom_menu</item>
            <item>porto_fashion_category_banner_demo17</item>
            <item>porto_category_banner_fashion</item>
            <item>porto_custom_tab</item>
        </blocks>
    </demo17>
    <demo18>
        <pages>
            <item>about-porto</item>
            <item>no-route-2</item>
            <item>porto_home_18</item>
            <item>porto_home_18_old</item>
        </pages>
        <blocks>
            <item>porto_homeslider_18</item>
            <item>porto_homeslider_18_old</item>
            <item>porto_custom_block_for_header</item>
            <item>porto_custom_block_for_header_home1</item>
            <item>porto_footer_links</item>
            <item>porto_footer_contact_information</item>
            <item>porto_footer_features</item>
            <item>porto_footer_newsletter</item>
            <item>porto_footer_bottom_custom_block</item>
            <item>porto_footer_bottom_custom_block_demo5</item>
            <item>porto_category_side_custom_block</item>
            <item>porto_product_side_custom_block</item>
            <item>porto_product_side_custom_block_demo17</item>
            <item>porto_custom_menu_before</item>
            <item>porto_custom_menu</item>
            <item>porto_category_banner_fashion</item>
            <item>porto_custom_tab</item>
        </blocks>
    </demo18>
    <demo19>
        <pages>
            <item>about-porto</item>
            <item>no-route-2</item>
            <item>porto_home_19</item>
            <item>porto_home_19_old</item>
        </pages>
        <blocks>
            <item>porto_homeslider_19</item>
            <item>porto_homeslider_19_old</item>
            <item>porto_custom_block_for_header_home13</item>
            <item>porto_custom_block_for_header_type12</item>
            <item>porto_footer_top_custom_block_home19</item>
            <item>porto_footer_middle_custom_block_home19</item>
            <item>porto_footer_middle_1_for_19</item>
            <item>porto_footer_middle_2_for_19</item>
            <item>porto_footer_middle_3_for_19</item>
            <item>porto_footer_middle_4_for_19</item>
            <item>porto_category_side_custom_block</item>
            <item>porto_product_side_custom_block_new</item>
            <item>porto_product_side_custom_block</item>
            <item>porto_custom_menu_before</item>
            <item>porto_custom_menu</item>
            <item>porto_category_banner_fashion</item>
            <item>porto_custom_tab</item>
        </blocks>
    </demo19>
    <demo20>
        <pages>
            <item>about-porto</item>
            <item>no-route-2</item>
            <item>porto_home_20</item>
            <item>porto_home_20_old</item>
        </pages>
        <blocks>
            <item>porto_homeslider_20</item>
            <item>porto_homeslider_20_old</item>
            <item>porto_footer_middle_1_for_20</item>
            <item>porto_footer_middle_2_for_20</item>
            <item>porto_footer_middle_3_for_20</item>
            <item>porto_footer_middle_4_for_20</item>
            <item>porto_category_side_custom_block</item>
            <item>porto_product_side_custom_block_new</item>
            <item>porto_product_side_custom_block</item>
            <item>porto_custom_menu_before</item>
            <item>porto_custom_menu</item>
            <item>porto_category_banner_fashion</item>
            <item>porto_custom_tab</item>
        </blocks>
    </demo20>
</demos>
</root>