<root>
<config>
    <web>
        <default>
            <cms_home_page>porto_home_20</cms_home_page>
            <cms_no_route>no-route-2</cms_no_route>
        </default>
    </web>
    <cms>
        <wysiwyg>
            <enabled>hidden</enabled>
        </wysiwyg>
    </cms>
	<design>
		<header>
			<logo_width></logo_width>
			<logo_height></logo_height>
			<logo_src>default/logo_white_new.png</logo_src>
		</header>
	</design>
	<dev>
		<js>
			<merge_files>1</merge_files>
		</js>
	</dev>
    <porto_settings>
        <general>
            <boxed>wide</boxed>
            <layout>full_width</layout>
            <disable_border_radius>1</disable_border_radius>
            <show_site_notice>0</show_site_notice>
            <category_list_on_left>0</category_list_on_left>
        </general>
        <header>
            <header_type>26</header_type>
            <static_block></static_block>
            <sticky_header_logo>0</sticky_header_logo>
			<sticky_header_logo_src>default/logo_white_new.png</sticky_header_logo_src>
            <currency_short>1</currency_short>
            <language_flag>0</language_flag>
        </header>
        <footer>
            <footer_top>0</footer_top>
            <footer_top_block>custom</footer_top_block>
            <footer_top_custom></footer_top_custom>
            <footer_middle>1</footer_middle>
            <footer_ribbon>0</footer_ribbon>
            <footer_ribbon_text>Ribbon Text</footer_ribbon_text>
            <footer_middle_column_1>custom</footer_middle_column_1>
            <footer_middle_column_1_custom>porto_footer_middle_1_for_20</footer_middle_column_1_custom>
            <footer_middle_column_1_size>4</footer_middle_column_1_size>
            <footer_middle_column_2>custom</footer_middle_column_2>
            <footer_middle_column_2_custom>porto_footer_middle_2_for_20</footer_middle_column_2_custom>
            <footer_middle_column_2_size>2</footer_middle_column_2_size>
            <footer_middle_column_3>custom</footer_middle_column_3>
            <footer_middle_column_3_custom>porto_footer_middle_3_for_20</footer_middle_column_3_custom>
            <footer_middle_column_3_size>2</footer_middle_column_3_size>
            <footer_middle_column_4>custom</footer_middle_column_4>
            <footer_middle_column_4_custom>porto_footer_middle_4_for_20</footer_middle_column_4_custom>
            <footer_middle_column_4_size>4</footer_middle_column_4_size>
            <footer_middle_2>0</footer_middle_2>
            <footer_middle_2_column_1>custom</footer_middle_2_column_1>
            <footer_middle_2_column_1_custom>porto_footer_links</footer_middle_2_column_1_custom>
            <footer_middle_2_column_1_size>3</footer_middle_2_column_1_size>
            <footer_middle_2_column_2>custom</footer_middle_2_column_2>
            <footer_middle_2_column_2_custom>porto_footer_links</footer_middle_2_column_2_custom>
            <footer_middle_2_column_2_size>3</footer_middle_2_column_2_size>
            <footer_middle_2_column_3>custom</footer_middle_2_column_3>
            <footer_middle_2_column_3_custom>porto_footer_links</footer_middle_2_column_3_custom>
            <footer_middle_2_column_3_size>3</footer_middle_2_column_3_size>
            <footer_middle_2_column_4>custom</footer_middle_2_column_4>
            <footer_middle_2_column_4_custom>porto_footer_links</footer_middle_2_column_4_custom>
            <footer_middle_2_column_4_size>3</footer_middle_2_column_4_size>
            <footer_bottom>1</footer_bottom>
            <footer_store_switcher>0</footer_store_switcher>
            <footer_logo_src></footer_logo_src>
            <footer_bottom_copyrights><![CDATA[&copy; 2017. ALL RIGHTS RESERVED.]]></footer_bottom_copyrights>
            <footer_bottom_custom_1></footer_bottom_custom_1>
            <footer_bottom_custom_2></footer_bottom_custom_2>
        </footer>
        <category>
            <alternative_image>1</alternative_image>
            <aspect_ratio>0</aspect_ratio>
            <ratio_width>300</ratio_width>
            <ratio_height>400</ratio_height>
            <rating_star>1</rating_star>
            <product_price>1</product_price>
            <actions>1</actions>
            <addtocompare>1</addtocompare>
            <addtowishlist>1</addtowishlist>
            <category_description>main_column</category_description>
            <side_custom_block>porto_category_side_custom_block</side_custom_block>
        </category>
        <category_grid>
            <columns>4</columns>
            <flex_grid>0</flex_grid>
            <move_actions>0</move_actions>
            <move_title>1</move_title>
        </category_grid>
        <product>
            <product_image_size>6</product_image_size>
            <side_custom_block>porto_product_side_custom_block</side_custom_block>
            <move_upsell_full>1</move_upsell_full>
        </product>
		<newsletter>
			<logo_src>default/logo_black10.png</logo_src>
		</newsletter>
        <contacts>
            <enable>1</enable>
            <full_width>0</full_width>
            <address>Porto2 Store</address>
            <latitude>-34.398</latitude>
            <longitude>150.884</longitude>
            <zoom>18</zoom>
            <infoblock><![CDATA[<div class="row">
<div class="col-sm-12">
    <i class="porto-icon-phone"></i>
    <p>0201 203 2032</p>
    <p>0201 203 2032</p>
</div>
</div>
<div class="row">
<div class="col-sm-12">
    <i class="porto-icon-mobile"></i>
    <p>201-123-3922</p>
    <p>302-123-3928</p>
</div>
</div>
<div class="row">
<div class="col-sm-12">
    <i class="porto-icon-mail-alt"></i>
    <p>porto@gmail.com</p>
    <p>porto@portotemplate.com</p>
</div>
</div>
<div class="row">
<div class="col-sm-12">
    <i class="porto-icon-skype"></i>
    <p>porto_skype</p>
    <p>proto_template</p>
</div>
</div>]]></infoblock>
            <customblock></customblock>
        </contacts>
        <custom_settings>
            <custom_style><![CDATA[.owl-theme .owl-dots .owl-dot span {
    background: #fff;
    border: 2px solid #000;
}
.owl-theme .owl-dots .owl-dot.active span, .owl-theme .owl-dots .owl-dot:hover span {
    background: #000;
}
.ajax-products > .category-list > span {
    font-family: 'Oswald';
    font-size: 22px;
    letter-spacing: 0.05em;
    text-transform: uppercase;
    color: #282d3b;
    font-weight: 400;
}
.ajax-products > .category-list > ul > li {
    padding: 0;
    margin:0;
}
.ajax-products > .category-list > ul > li > a {
    font-family: 'Poppins';
    font-size: 12px;
    line-height: 50px;
    font-weight: 500;
    text-transform: uppercase;
    color: #2b2b2d;
}
.load-more-area > a, .load-more-area > a:hover {
    font-family: 'Oswald';
    font-size: 12px;
    font-weight: 400;
    letter-spacing: 0.2em;
    border: #000 solid 1px;
    background-color: transparent;
    box-shadow: none;
    color: #000;
    padding: 20px 67px;
}
.full-width-image > h3 {
    font-family: 'Oswald';
    font-size: 40px;
    font-weight: 400;
    letter-spacing: 0.075em;
    text-transform: uppercase;
}
.full-width-image > a {
    font-family: 'Oswald';
    font-size: 12px;
    font-weight: 400;
    letter-spacing: 0.2em;
    color: #000000;
    padding: 20px 67px;
    box-shadow: none;
}
.block-category-list .block-title,.filter-options-title,.filter .filter-current-subtitle {
    border: none;
    background-color: transparent;
    padding: 16px 20px 4px 20px;
    font-size: 15px;
    text-transform: uppercase;
    font-weight: 600;
    color: #21293c;
    letter-spacing: 0.01em;
    padding-left: 0;
}
.filter-options-title:after {
    content: '\f803';
    border: none;
    color: #21293c;
    font-size: 17px;
    margin-top: -7px;
}
.filter-options-title:hover:after {
    background: none;
    color: #21293c;
}
.active > .filter-options-title:after {
    content: '\f800';
}
#ln_slider_price.ui-slider-horizontal {
    height: 3px;
    box-shadow: none;
}
#ln_slider_price .ui-slider-handle {
    width: 12px;
    height: 12px;
    border-radius: 100%;
}
.sidebar-title {
    font-size: 15px;
    font-weight: 600;
    color: #21293c;
    letter-spacing: 0.01em;
    margin-bottom: 20px;
}
.porto-icon-left-open-huge:before {
    content: '\f802';
    color: #21293c;
}
.porto-icon-right-open-huge:before {
    content: '\f801';
    color: #21293c;
}
.sidebar .owl-top-narrow .owl-theme .owl-controls {
    top: -40px;
    right: 0;
}
.sidebar .sidebar-filterproducts {
    margin-bottom: 30px;
    padding-bottom: 40px;
    background: none;
}
.sidebar-filterproducts.custom-block + h2 {
    font-size: 15px !important;
    text-transform: uppercase;
    font-weight: 600;
    color: #21293c !important;
    letter-spacing: 0.01em;
    padding: 0;
}
.sidebar-filterproducts.custom-block + h2 +h5 {
    font-family: 'Open Sans' !important;
    font-weight: 600 !important;
    font-size: 14px !important;
    color: #7a7d82 !important;
    letter-spacing: 0.022em;
    padding: 0;
}
.sidebar-filterproducts.custom-block + h2 + h5 + p {
    color: #21293c !important;
    font-size: 15px !important;
    letter-spacing: 0.01em;
    padding: 0;
}

.page-with-filter .toolbar-amount {display: none;}
.page-products .toolbar .limiter .limiter-text {
    display: none;
}
.modes-mode.active {
    border: none;
    background: none;
    color: #111;
}
.modes-mode,.modes-mode:hover {
    border: none;
    background: none;
    color: #111;
    width: 15px;
}
.toolbar select {
    border: 1px solid #e4e4e4;
    height: 37px;
    color: #7a7d82;
    font-weight: 400;
    font-size: 14px;
    text-transform: capitalize;
    padding: 0 10px;
    padding-right: 30px;
    line-height: 31px;
}
.sorter-label {
    font-size: 14px;
    font-weight: 600;
    color: #21293c;
}
.toolbar-sorter .sorter-action {
    margin-top: 6px;
    color: #21293c;
}
.toolbar-sorter .sorter-action:before {
    color: #21293c;
}
.pages a.page,.pages strong.page,.pages .action {
    width: 32px;
    line-height: 32px;
}
.products-grid + .toolbar.toolbar-products {
    border-top: solid 1px #efefef;
    padding-top: 25px;
}
.product-item .product-reviews-summary {
    background: none;
}
.products-grid .product-item .product-item-info {
    background-color: #fff;
}
.product-padding {
    margin: 0 -15px;
}
.products-grid:not(.side-list):not(.products-related) .owl-carousel .product-item {
    padding: 12px 10px;
}
.products-grid:not(.side-list):not(.products-related) .product-item:hover .product-item-info {
    box-shadow: 0 2px 15px 0px rgba(0, 0, 0, 0.1);
}
.products-grid:not(.side-list) .product-item .product-item-info .product.name a {
    font-size: 15px;
}
.products-grid:not(.side-list):not(.products-related) .product-item .product-item-details {
    padding: 10px 10px 25px;
}
.product-item .product-reviews-summary {
    margin: 7px 0 7px;
}
.product.name a {
    color: #2b2b2d;
}
.price-box .price {
    font-family: 'Oswald';
    font-size: 18px;
    letter-spacing: 0.005em;
    color: #2b2b2d;
    font-weight: 400;
}
.old-price .price, .old.price {
    font-size: 14px;
}
.special-price .price {
    color: #ff0000;
    font-weight: 400;
}
.product-label.sale-label {
    border-radius: 20px;
    background-color: #f83737;
    color: #ffffff;
}
.product-label.new-label {
    border-radius: 20px;
    background-color: #0fc567;
    color: #ffffff;
}
.products-grid .product-item-details .product-item-actions .tocart {
    text-transform: uppercase;
    font-size: 12.53px;
    font-family: 'Oswald';
    font-weight: 400;
    letter-spacing: 0.025em;
    color: #6f6e6c;
    line-height: 30px;
    background-color: #f4f4f4;
    border-color: #f4f4f4;
}
.product-item .tocart:before {
    content: '\e87f';
    font-size: 17px;
    vertical-align: middle;
}
.product-item-actions .action.towishlist, .product-addto-links .action.towishlist, .action.towishlist,
.product-addto-links .action.tocompare, .product-item-actions .action.tocompare, .action.tocompare {
    border-color: #d8d8d6;
    background-color: #f4f4f4;
}
.products-grid .product-item-info:hover .product-item-details .product-item-actions .tocart {
    border-color: #2b2b2d;
    background-color: #2b2b2d;
}


.catalog-product-view .sidebar .custom-block {
    border: none;
    color: #6b7a83;
    padding-bottom: 0;
    margin-bottom: 33px;
    background: none;
}
.catalog-product-view .sidebar .custom-block-1>div i {
    color: #29363C;
    border: none;
    font-size: 40px;
    float: left;
}
.catalog-product-view .sidebar .custom-block-1>div {
    min-height: 65px;
    clear: both;
    padding: 18px 0;
    border-bottom: solid 1px #dee5e8;
    margin-bottom: 0;
}
.catalog-product-view .sidebar .custom-block-1>div:last-child {
    border-bottom-width: 0;
}
.block-manufacturer {
    text-align: center;
    padding: 10px 20px 0;
    margin-bottom: 0;
}
.block-manufacturer hr {
    border-color: #dee5e8;
    margin-bottom: 0;
}
.catalog-product-view .sidebar .custom-block-1>div h3 {
    font-size: 14px;
    font-weight: 600;
    line-height: 20px;
    letter-spacing: 0.005em;
    color: #6b7a83;
    margin-left: 80px;
}
.block.related {
    padding: 0 20px;
}
.block .title strong {
    font-size: 15px;
    font-weight: 600;
    color: #21293c;
    letter-spacing: 0.01em;
    margin-bottom: 20px !important;
    padding-top: 0;
    text-transform: uppercase;
}
.block.related .product-items .product-item-actions {
    display: none;
}
.product-info-main .page-title-wrapper h1 {
    font-size: 25px;
    font-weight: 600;
    letter-spacing: -0.01em;
    color: #21293c;
    margin: 3px 0 15px;
}
.prev-next-products a {
    color: #555;
}
.product-reviews-summary .reviews-actions a {
    line-height: 20px;
    font-size: 14px;
    color: #bdbdbd;
}
.product-info-main .product.overview {
    font-size: 14px;
    font-weight: 400;
    letter-spacing: 0.005em;
    line-height: 27px;
    border-bottom: solid 1px #dae2e6;
}
.product.media {
    padding-right: 12px;
}
.fotorama__stage__shaft {
    border: none;
}
.fotorama__nav--thumbs .fotorama__thumb {
    border-color: #dae2e6;
}
.product-options-bottom .price-box .price-container .price, .product-info-price .price-box .price-container .price {
    font-family: 'Oswald';
    font-size: 21px;
    font-weight: 700;
    letter-spacing: 0.005em;
}
.product-info-main .product-info-price .old-price .price-wrapper .price {
    font-size: 16px;
    color: #2b2b2d;
    font-weight: 400;
}
.product-info-main .fieldset > .field.qty, .product-info-main .nested.options-list > .field.qty {
    position: relative;
    width: 106px;
}
.product-info-main .qty.field .control, .product-info-main .qty.field .qty-changer {
    margin-left: 29px;
}
.product-info-main .qty.field .qty-changer > a {
    position: absolute;
    top: 0;
    left: 0;
    height: 43px;
    width: 30px;
    line-height: 41px;
    text-align: center;
    margin: 0;
    border-color: #dae2e6;
}
.product-info-main .qty.field .qty-changer > a:first-child {
    left: auto;
    right: 4px;
}
.product-info-main .box-tocart .input-text.qty {
    font-family: 'Oswald';
    display: inline-block;
    vertical-align: middle;
    height: 43px;
    width: 44px!important;
    font-size: 14px;
    font-weight: 400;
    text-align: center;
    color: #61605a;
    margin: 0;
    border-color: #dae2e6;
}
.product-info-main .qty.field .qty-changer > a .porto-icon-up-dir:before {
    content: '\f882';
}
.product-info-main .qty.field .qty-changer > a .porto-icon-down-dir:before {
    content: '\f883';
}
.box-tocart .action.tocart {
    height: 43px;
    font-size: 14px;
    letter-spacing: 0.05em;
    font-weight: 400;
}
.box-tocart .action.tocart:before {
    content: '\e87f';
    font-family: 'porto-icons';
    margin-right: 7px;
    font-size: 16px;
}
.action.primary,.action.primary:active {
    font-family: "Oswald";
    letter-spacing: 1px;
    text-transform: uppercase;
}
.product-addto-links .action.towishlist,.product-addto-links .action.tocompare,.product-social-links .action.mailto.friend {
    width: 43px;
    height: 43px;
    line-height: 41px;
}
.product.data.items > .item.content {
    background-color: #fff;
    box-shadow: none;
    border: none;
    border-top: #dae2e6 solid 1px;
    font-size: 14px;
    font-weight: 400;
    letter-spacing: 0.005em;
    line-height: 27px;
}

.main-upsell-product-detail .block.upsell .title strong {
    background: none;
}
.block.upsell .title {
    background: none;
    border-bottom: #e1e1e1 solid 1px;
    font-weight: 700;
    margin-bottom: 16px;
    padding-bottom: 10px;
    text-transform: uppercase;
    text-align: left;
}
.block.upsell .title strong {
    font-size: 18px;
    font-weight: 700;
    color: #302e2a;
}
.review-ratings .rating-label {
    display: block;
}


.footer-middle {
    padding: 90px 80px;
}
.footer-middle > .container {
    width: 100%;
}
.footer-middle .newsletter label.label {
    display: none;
}
.footer-middle .block .block-title strong {
    font-family: 'Oswald';
    font-size:18px;
    text-transform: uppercase;
    letter-spacing: 0.05em;
    line-height: 30px;
    font-weight: 400;
}
.footer-middle ul.links li {
    font-family: 'Poppins';
    font-size:12px;
    font-weight:500;
    letter-spacing: 0.05em;
    line-height: 36px;
    padding: 0;
}
.footer-middle .block .block-content b {
    font-family: 'Oswald';
    font-size:12px;
    font-weight: 400;
    letter-spacing: 0.05em;
}

.footer-middle .newsletter #newsletter {
    background: transparent;
    border-radius: 0;
    height: 50px;
    padding: 10px 20px;
    display: block;
}
.footer-middle .newsletter button.action {
    font-family: 'Oswald';
    font-size:12px;
    letter-spacing: 0.2em;
    box-shadow: none;
    padding: 6px 20px;
    text-transform: uppercase;
    background-color: #fff;
    color: #000;
    transition: all 0.3s;
    margin: 20px 0;
    display: block;
    width: 100%;
    font-weight: 400;
    height: 50px;
}
.footer-bottom {
    padding: 0 80px;
    font-family: Poppins;
}
.footer-bottom > .container {
    padding: 25px 15px;
    width: 100%;
}
.footer-bottom address {
    float: none;
    text-align: left;
    font-size: 12px;
    line-height: 36px;
    letter-spacing: 0.05em;
    font-weight: 500;
    text-transform: uppercase;
}
.catalog-category-view .block-category-list .block-title strong {
    font-weight: 600;
}
.catalog-category-view .block-category-list .block-content {
    border: 0;
    background: transparent;
    padding-left: 0;
}
.catalog-category-view .block-category-list .block-content .item {
    margin: 0;
}
.catalog-category-view .block-category-list .block-content .item a {
    font-size: 13px;
    line-height: 2.5;
}
.catalog-category-view .filter-options-item .filter-options-content {
    background: transparent;
    border: 0;
    padding-left: 0;
}
.catalog-category-view .filter-options-content a {
    color: #000 !important;
    font-weight: 600;
}
.catalog-category-view .filter-options-content a > input[type=checkbox] {
    display: inline-block;
    vertical-align: top;
    margin: 3px 5px 0 0;
}
.catalog-category-view .filter-options-content .count {
    color: #000;
}
.catalog-category-view .filter-options-title:after {
    border: 0;
    color: #000;
}
.catalog-category-view .filter-options-title:hover:after {
    background: transparent;
    color: #000;
}
#ln_price_slider.ui-slider-horizontal {
    background: #505050;
}
@media (min-width: 640px) {
    .page-products .sorter {
        float: left;
    }
    .modes {
        float: right;
        margin-right: 0;
        margin-left: 20px;
        margin-top: 5px;
    }
    .modes-mode:before {
        content: '\e880';
        font-size: 14px;
    }
    .mode-list:before {
        content: '\e87b';
        font-size: 14px;
    }
    .products.wrapper ~ .toolbar .limiter {
        float: left;
    }
    .products.wrapper ~ .toolbar .pages {
        float: right;
    }
}
@media (min-width: 768px) {
    .product.data.items > .item.title {
        padding: 10px 30px 10px 0;
    }
    .product.data.items > .item.title > .switch {
        font-size: 14px;
        font-weight: 700;
        color: #818692;
        text-transform: uppercase;
        border: none;
        border-radius: 0;
        line-height: 30px;
        background: none;
        padding: 0;
    }
    .product.data.items > .item.title:not(.disabled) > .switch:focus,
    .product.data.items > .item.title:not(.disabled) > .switch:hover {
        background: none;
        color: #818692;
    }
    .product.data.items > .item.title.active > .switch,
    .product.data.items > .item.title.active > .switch:focus,
    .product.data.items > .item.title.active > .switch:hover {
        color: #21293c;
        position: relative;
        border-bottom: #161616 solid 2px;
    }
    .product.data.items > .item.content {
        padding: 35px 0 0;
        margin-top: 45px;
    }
}
@media (max-width: 991px) {
    .footer-middle {
        padding: 50px 15px;
    }
    .footer-middle .block {
        margin-bottom: 30px;
    }
    .ajax-products {
        padding: 0 15px;
    }
    .footer-bottom {
        padding: 0 30px;
    }
}
@media (max-width: 767px) {
    .owl-side-narrow .owl-controls {display:none!important;}
    .page-products .toolbar .limiter {
        display: none;
    }
    .product.data.items {
        margin: 0;
    }
    .prev-next-products .product-nav.product-next .product-pop {
        margin: 0;
    }
    .prev-next-products .product-nav.product-prev .product-pop {
        left: -20px;
    }
    .product-info-main .fieldset > .field.qty {
        margin-bottom: 20px;
    }
    .fieldset > .actions {
        vertical-align: top;
    }
    .catalog-product-view .sidebar .custom-block {
        padding: 0;
    }
    .footer .block .block-content {
        max-width: 300px;
    }
}
@media (min-width:768px) {
    body.layout-fullwidth.catalog-category-view .page-main {
        padding-top: 0;
        padding-bottom: 0;
    }
    .catalog-category-view .columns .column.main {
        border-left: 1px solid #dcdcdc;
        position: relative;
        left: -1px;
        padding: 50px 0 50px 35px;
    }
    .catalog-category-view .columns .column.main.toggle-close {
        border-left-color: transparent;
    }
    .catalog-category-view .sidebar.sidebar-main {
        border-right: 1px solid #dcdcdc;
        padding: 50px 35px 50px 0;
    }
}
@media (min-width:992px) {
    body.layout-fullwidth .page-wrapper > .breadcrumbs .items {
        padding: 12px 85px;
    }
    body.layout-fullwidth.catalog-category-view .page-main {
        padding: 0 85px;
    }
}
@media (min-width:1200px) {
    .catalog-category-view .columns .column.main {
        width: 80%;
    }
    .catalog-category-view.page-layout-2columns-left .sidebar-main {
        width: 20%;
    }
}
@media (min-width:1440px) {
    .catalog-category-view .columns .column.main {
        width: 85%;
    }
    .catalog-category-view.page-layout-2columns-left .sidebar-main {
        width: 15%;
    }
}]]></custom_style>
            <custom_style_2><![CDATA[]]></custom_style_2>
        </custom_settings>
    </porto_settings>
    <porto_design>
        <general>
            <theme_color>000000</theme_color>
        </general>
        <font>
            <custom>0</custom>
            <font_size></font_size>
            <font_family></font_family>
            <custom_font_family></custom_font_family>
            <google_font_family></google_font_family>
            <char_latin_ext></char_latin_ext>
            <char_subset></char_subset>
        </font>
        <colors>
            <custom>1</custom>
            <text_color></text_color>
            <link_color></link_color>
            <link_hover_color></link_hover_color>
            <button_bg_color></button_bg_color>
            <button_text_color></button_text_color>
            <button_hover_bg_color></button_hover_bg_color>
            <button_hover_text_color></button_hover_text_color>
            <addtowishlist_color>302E2A</addtowishlist_color>
            <addtowishlist_hover_color>302E2A</addtowishlist_hover_color>
            <addtocompare_color>302E2A</addtocompare_color>
            <addtocompare_hover_color>302E2A</addtocompare_hover_color>
            <breadcrumbs_bg_color></breadcrumbs_bg_color>
            <breadcrumbs_color></breadcrumbs_color>
            <breadcrumbs_links_color></breadcrumbs_links_color>
            <breadcrumbs_links_hover_color></breadcrumbs_links_hover_color>
            <sale_bg_color></sale_bg_color>
            <sale_font_color></sale_font_color>
            <new_bg_color></new_bg_color>
            <new_font_color></new_font_color>
            <price_slider_bg_color>000000</price_slider_bg_color>
            <price_slider_handle_color>000000</price_slider_handle_color>
        </colors>
        <header>
            <custom>1</custom>
            <header_bgcolor></header_bgcolor>
            <header_bg_image></header_bg_image>
            <header_bordercolor></header_bordercolor>
            <header_textcolor>FFFFFF</header_textcolor>
            <header_linkcolor>FFFFFF</header_linkcolor>
            <header_top_links_bgcolor></header_top_links_bgcolor>
            <header_top_links_color></header_top_links_color>
            <header_menu_bgcolor></header_menu_bgcolor>
            <header_menu_color></header_menu_color>
            <header_menu_hover_bgcolor></header_menu_hover_bgcolor>
            <header_menu_hover_color></header_menu_hover_color>
            <header_menu_classicmenu_bgcolor></header_menu_classicmenu_bgcolor>
            <header_menu_classicmenu_bordercolor></header_menu_classicmenu_bordercolor>
            <header_menu_classicmenu_color></header_menu_classicmenu_color>
            <header_menu_classicmenu_hover_bgcolor></header_menu_classicmenu_hover_bgcolor>
            <header_menu_classicmenu_hover_color></header_menu_classicmenu_hover_color>
            <header_search_bgcolor></header_search_bgcolor>
            <header_search_text_color></header_search_text_color>
            <header_search_bordercolor></header_search_bordercolor>
            <header_minicart_bgcolor></header_minicart_bgcolor>
            <header_minicart_color></header_minicart_color>
            <header_minicart_icon_color>FFFFFF</header_minicart_icon_color>
        </header>
        <footer>
            <custom>1</custom>
            <footer_top_bgcolor>000000</footer_top_bgcolor>
            <footer_top_color></footer_top_color>
            <footer_top_link_color></footer_top_link_color>
            <footer_top_link_hover_color></footer_top_link_hover_color>
            <footer_middle_bgcolor>000000</footer_middle_bgcolor>
            <footer_middle_color>A3A3A3</footer_middle_color>
            <footer_middle_link_color>A3A3A3</footer_middle_link_color>
            <footer_middle_link_hover_color>A3A3A3</footer_middle_link_hover_color>
            <footer_middle_title_color>FFFFFF</footer_middle_title_color>
            <footer_middle_links_icon_color>FFFFFF</footer_middle_links_icon_color>
            <footer_middle_ribbon_bgcolor></footer_middle_ribbon_bgcolor>
            <footer_middle_ribbon_shadow_color></footer_middle_ribbon_shadow_color>
            <footer_middle_ribbon_color></footer_middle_ribbon_color>
            <footer_middle_2_bgcolor>000000</footer_middle_2_bgcolor>
            <footer_middle_2_color></footer_middle_2_color>
            <footer_middle_2_link_color></footer_middle_2_link_color>
            <footer_middle_2_link_hover_color></footer_middle_2_link_hover_color>
            <footer_middle_2_title_color></footer_middle_2_title_color>
            <footer_middle_2_links_icon_color></footer_middle_2_links_icon_color>
            <footer_bottom_bgcolor>000000</footer_bottom_bgcolor>
            <footer_bottom_color>FFFFFF</footer_bottom_color>
            <footer_bottom_link_color>FFFFFF</footer_bottom_link_color>
            <footer_bottom_link_hover_color>FFFFFF</footer_bottom_link_hover_color>
        </footer>
        <page>
            <custom>0</custom>
            <page_bgcolor></page_bgcolor>
            <page_bg_image></page_bg_image>
            <page_custom_style><![CDATA[]]></page_custom_style>
        </page>
        <main>
            <custom>0</custom>
            <main_bgcolor></main_bgcolor>
            <main_bg_image></main_bg_image>
            <main_custom_style><![CDATA[]]></main_custom_style>
        </main>
    </porto_design>
</config>
</root>